Inflation,Population,Export,Import,GDP
3.36881409750383,40093421.790515736,68.2474052732,68.58358879827338,1213451200000.0
3.36881409750383,47109365.35513941,117.25462901221553,92.6036963923,1470171000000.0
3.36881409750383,43653155.0,119.79273816298088,92.6036963923,1497657500000.0
