Inflation,Population,Export,Import,GDP
4.41735199036374,59133173.0,120.75420653306027,135.6774970954,2248509800000.0
1.87378325762481,59133173.0,127.2237350455552,135.6774970954,2249939200000.0
1.87378325762481,59133173.0,117.0350909993102,105.94923303862915,2236359600000.0
3.962700343416314,59133173.0,121.6286039534042,135.6774970954,2243509400000.0
